id,archivo,ecosistema,formato,longitud,palabras,nombre,edad,rol,lengua,origen,residencia,sitio_ancla,cruce_ecosistema,pariente,sintetico
1,SIM_0001_traduccion_carta_presentacion_larga.txt,traduccion,carta_presentacion,larga,358,Camilo Bautista Flores,27,médico pasante en zona rural,mazateco,"Huautla de Jiménez, Oaxaca","Jiutepec, Morelos",el Centro de Salud de Tlayacapan,no,,SÍ — dato apócrifo de prueba
2,SIM_0002_traduccion_biografia_oral_larga.txt,traduccion,biografia_oral,larga,467,Efrén Peralta Guzmán,82,intérprete en salud,mazateco,"Huautla de Jiménez, Oaxaca","Yautepec, Morelos",el Centro de Salud de Tlayacapan,no,,SÍ — dato apócrifo de prueba
3,SIM_0003_traduccion_biografia_oral_media.txt,traduccion,biografia_oral,media,389,Octavio Gaspar Melchor,73,acompañante de trámites,amuzgo,"Xochistlahuaca, Guerrero","Tepoztlán, Morelos",el Centro de Salud de Tlayacapan,no,,SÍ — dato apócrifo de prueba
4,SIM_0004_traduccion_carta_presentacion_corta.docx,traduccion,carta_presentacion,corta,206,Beatriz Olvera Ponce,47,intérprete en salud,totonaco,"Papantla, Veracruz","Cuautla, Morelos",el Centro de Salud de Tlayacapan,no,,SÍ — dato apócrifo de prueba
5,SIM_0005_traduccion_biografia_oral_media.txt,traduccion,biografia_oral,media,301,Patricia González Mentado,75,acompañante de trámites,zapoteco,"Juchitán, Oaxaca","Tepoztlán, Morelos",el Centro de Salud de Villa de Ayala,no,,SÍ — dato apócrifo de prueba
6,SIM_0006_traduccion_ficha_participante_larga.txt,traduccion,ficha_participante,larga,261,Lucía Ibarra Solís,19,acompañante de trámites,mixteco,"San Juan Mixtepec, Oaxaca","Jiutepec, Morelos",el Centro de Salud de Tlayacapan,no,,SÍ — dato apócrifo de prueba
7,SIM_0007_traduccion_diario_personal_corta.txt,traduccion,diario_personal,corta,131,Ismael Barrios Coronel,55,intérprete en salud,tlahuica,"San Juan Atzingo, Estado de México","Yautepec, Morelos",el Centro de Salud de Tlayacapan,no,,SÍ — dato apócrifo de prueba
8,SIM_0008_traduccion_carta_presentacion_corta.docx,traduccion,carta_presentacion,corta,248,Efrén Quintero Alba,43,acompañante de trámites,tlapaneco (me'phaa),"Malinaltepec, Guerrero","Yautepec, Morelos","el Hospital General de Cuernavaca ""José G. Parres""",sí,,SÍ — dato apócrifo de prueba
9,SIM_0009_traduccion_ficha_participante_media.txt,traduccion,ficha_participante,media,217,Itzel Peralta Guzmán,20,acompañante de trámites,mixteco,"Potoichán, Guerrero","Tepoztlán, Morelos",el Centro de Salud de Tlayacapan,no,,SÍ — dato apócrifo de prueba
10,SIM_0010_traduccion_biografia_oral_media.txt,traduccion,biografia_oral,media,396,Vicente Ibarra Solís,28,médico pasante en zona rural,mazateco,"Huautla de Jiménez, Oaxaca","Tlayacapan, Morelos",el Centro de Salud de Tlayacapan,sí,,SÍ — dato apócrifo de prueba
11,SIM_0011_traduccion_biografia_oral_media.txt,traduccion,biografia_oral,media,444,Aurelio Barrios Coronel,39,acompañante de trámites,tlahuica,"San Juan Atzingo, Estado de México","Temixco, Morelos",el Centro de Salud de Tlayacapan,no,,SÍ — dato apócrifo de prueba
12,SIM_0012_traduccion_carta_presentacion_media.docx,traduccion,carta_presentacion,media,289,Amalia Luna Carrasco,69,gestora comunitaria,mixteco,"San Juan Mixtepec, Oaxaca","Tepoztlán, Morelos",el Centro de Salud de Tlayacapan,no,,SÍ — dato apócrifo de prueba
13,SIM_0013_traduccion_carta_presentacion_corta.docx,traduccion,carta_presentacion,corta,201,Genaro Franco Torres,76,intérprete en salud,tlahuica,"San Juan Atzingo, Estado de México","Cuautla, Morelos",el Centro de Salud de Tlayacapan,no,,SÍ — dato apócrifo de prueba
14,SIM_0014_traduccion_ficha_participante_larga.txt,traduccion,ficha_participante,larga,274,Camilo Domínguez Petlacalco,26,médico pasante en zona rural,náhuatl,"Hueyapan, Morelos","Tlayacapan, Morelos",el Centro de Salud de Villa de Ayala,no,,SÍ — dato apócrifo de prueba
15,SIM_0015_traduccion_testimonio_media.txt,traduccion,testimonio,media,160,Herminio Valdés Colín,76,intérprete en salud,zapoteco,"Juchitán, Oaxaca","Yautepec, Morelos",el Centro de Salud de Tlayacapan,no,,SÍ — dato apócrifo de prueba
16,SIM_0016_traduccion_biografia_oral_larga.txt,traduccion,biografia_oral,larga,469,Patricia Huerta Escamilla,48,promotora de salud comunitaria,tlapaneco (me'phaa),"Malinaltepec, Guerrero","Temixco, Morelos",el Centro de Salud de Tlayacapan,no,Rosalba,SÍ — dato apócrifo de prueba
17,SIM_0017_traduccion_testimonio_media.txt,traduccion,testimonio,media,211,Domingo Rosales Vega,74,acompañante de trámites,náhuatl,"Hueyapan, Morelos","Jiutepec, Morelos",el Centro de Salud de Tlayacapan,no,,SÍ — dato apócrifo de prueba
18,SIM_0018_traduccion_biografia_oral_larga.txt,traduccion,biografia_oral,larga,475,Camilo Gaspar Melchor,24,médico pasante en zona rural,totonaco,"Papantla, Veracruz","Yautepec, Morelos",el Centro de Salud de Tlayacapan,no,,SÍ — dato apócrifo de prueba
19,SIM_0019_traduccion_testimonio_media.txt,traduccion,testimonio,media,209,Ofelia Villanueva Ocampo,73,trabajadora social,náhuatl,"Xoxocotla, Morelos","Cuernavaca, Morelos","el Hospital General de Cuernavaca ""José G. Parres""",no,,SÍ — dato apócrifo de prueba
20,SIM_0020_traduccion_testimonio_corta.txt,traduccion,testimonio,corta,125,Bonifacio Islas Bermúdez,64,traductor comunitario,tlahuica,"San Juan Atzingo, Estado de México","Cuautla, Morelos","el Hospital General de Cuernavaca ""José G. Parres""",no,,SÍ — dato apócrifo de prueba
21,SIM_0021_traduccion_ficha_participante_larga.docx,traduccion,ficha_participante,larga,258,Celerino Jiménez Toledano,38,acompañante de trámites,mixteco,"San Juan Mixtepec, Oaxaca","Villa de Ayala, Morelos",el Centro de Salud de Tlayacapan,no,,SÍ — dato apócrifo de prueba
22,SIM_0022_traduccion_carta_presentacion_corta.docx,traduccion,carta_presentacion,corta,254,Andrés Peralta Guzmán,31,médico pasante en zona rural,mixe,"Tlahuitoltepec, Oaxaca","Villa de Ayala, Morelos",el Centro de Salud de Tlayacapan,sí,,SÍ — dato apócrifo de prueba
23,SIM_0023_traduccion_carta_presentacion_media.docx,traduccion,carta_presentacion,media,241,Arnulfo Barrios Coronel,81,traductor comunitario,totonaco,"Papantla, Veracruz","Villa de Ayala, Morelos",el Centro de Salud de Tlayacapan,no,,SÍ — dato apócrifo de prueba
24,SIM_0024_traduccion_biografia_oral_media.txt,traduccion,biografia_oral,media,446,Froylán Castañeda Ruiz,21,acompañante de trámites,mixteco,"San Juan Mixtepec, Oaxaca","Jiutepec, Morelos","el Hospital General de Cuernavaca ""José G. Parres""",no,Lucía,SÍ — dato apócrifo de prueba
25,SIM_0025_traduccion_biografia_oral_media.txt,traduccion,biografia_oral,media,365,Aurelio Jiménez Toledano,24,acompañante de trámites,tlapaneco (me'phaa),"Malinaltepec, Guerrero","Yautepec, Morelos","el Hospital General de Cuernavaca ""José G. Parres""",no,,SÍ — dato apócrifo de prueba
26,SIM_0026_traduccion_diario_personal_media.txt,traduccion,diario_personal,media,206,Beatriz López Tecpanécatl,80,acompañante de trámites,hñähñu (otomí),"Ixmiquilpan, Hidalgo","Jiutepec, Morelos",el Centro de Salud de Tlayacapan,no,,SÍ — dato apócrifo de prueba
27,SIM_0027_traduccion_diario_personal_larga.txt,traduccion,diario_personal,larga,339,Maximino Salazar Prieto,67,acompañante de trámites,mixteco,"San Juan Mixtepec, Oaxaca","Yautepec, Morelos",el Centro de Salud de Villa de Ayala,no,,SÍ — dato apócrifo de prueba
28,SIM_0028_traduccion_diario_personal_corta.txt,traduccion,diario_personal,corta,155,Rogelio Estrada Reyna,72,intérprete en salud,náhuatl,"Xoxocotla, Morelos","Yautepec, Morelos",el Centro de Salud de Tlayacapan,no,,SÍ — dato apócrifo de prueba
29,SIM_0029_traduccion_carta_presentacion_media.docx,traduccion,carta_presentacion,media,282,Bonifacio Ibarra Solís,36,acompañante de trámites,mixteco,"San Juan Mixtepec, Oaxaca","Temixco, Morelos",el Centro de Salud de Villa de Ayala,no,,SÍ — dato apócrifo de prueba
30,SIM_0030_traduccion_ficha_participante_corta.txt,traduccion,ficha_participante,corta,201,Leobardo Gaspar Melchor,25,traductor comunitario,mixteco,"Potoichán, Guerrero","Yautepec, Morelos",el Centro de Salud de Tlayacapan,no,,SÍ — dato apócrifo de prueba
31,SIM_0031_traduccion_biografia_oral_media.txt,traduccion,biografia_oral,media,361,Gabriela Ramírez Xochihua,73,traductora comunitaria,mixe,"Tlahuitoltepec, Oaxaca","Villa de Ayala, Morelos",el Centro de Salud de Tlayacapan,no,,SÍ — dato apócrifo de prueba
32,SIM_0032_traduccion_testimonio_media.txt,traduccion,testimonio,media,181,Lucía Castañeda Ruiz,70,gestora comunitaria,mixteco,"San Juan Mixtepec, Oaxaca","Cuernavaca, Morelos",el Centro de Salud de Tlayacapan,no,Froylán,SÍ — dato apócrifo de prueba
33,SIM_0033_traduccion_diario_personal_larga.txt,traduccion,diario_personal,larga,351,Leobardo Uribe Camacho,28,médico pasante en zona rural,hñähñu (otomí),"Ixmiquilpan, Hidalgo","Temixco, Morelos","el Hospital General de Cuernavaca ""José G. Parres""",no,,SÍ — dato apócrifo de prueba
34,SIM_0034_traduccion_ficha_participante_corta.txt,traduccion,ficha_participante,corta,188,Silvestre López Tecpanécatl,53,acompañante de trámites,mixteco,"Potoichán, Guerrero","Jiutepec, Morelos",el Centro de Salud de Villa de Ayala,no,,SÍ — dato apócrifo de prueba
35,SIM_0035_traduccion_biografia_oral_media.txt,traduccion,biografia_oral,media,360,Norma Castañeda Ruiz,28,médico pasante en zona rural,náhuatl,"Cuentepec, Morelos","Villa de Ayala, Morelos","el Hospital General de Cuernavaca ""José G. Parres""",no,,SÍ — dato apócrifo de prueba
36,SIM_0036_traduccion_testimonio_corta.txt,traduccion,testimonio,corta,123,Crisóforo Osorio Bello,64,traductor comunitario,mixe,"Tlahuitoltepec, Oaxaca","Cuautla, Morelos","el Hospital General de Cuernavaca ""José G. Parres""",no,,SÍ — dato apócrifo de prueba
37,SIM_0037_traduccion_testimonio_corta.txt,traduccion,testimonio,corta,127,Melitón Salazar Prieto,66,intérprete en salud,mixteco,"Potoichán, Guerrero","Yautepec, Morelos",el Centro de Salud de Tlayacapan,no,,SÍ — dato apócrifo de prueba
38,SIM_0038_traduccion_carta_presentacion_corta.txt,traduccion,carta_presentacion,corta,200,Celerino Peralta Guzmán,64,traductor comunitario,mixteco,"San Juan Mixtepec, Oaxaca","Cuautla, Morelos",el Centro de Salud de Tlayacapan,no,,SÍ — dato apócrifo de prueba
39,SIM_0039_traduccion_diario_personal_corta.txt,traduccion,diario_personal,corta,160,Irene Flores Cantú,39,partera tradicional,mazateco,"Huautla de Jiménez, Oaxaca","Tepoztlán, Morelos",el Centro de Salud de Tlayacapan,no,,SÍ — dato apócrifo de prueba
40,SIM_0040_traduccion_carta_presentacion_corta.docx,traduccion,carta_presentacion,corta,207,Nicolás Huerta Escamilla,49,intérprete en salud,mixteco,"Potoichán, Guerrero","Jiutepec, Morelos",el Centro de Salud de Tlayacapan,no,,SÍ — dato apócrifo de prueba
41,SIM_0041_traduccion_biografia_oral_media.txt,traduccion,biografia_oral,media,395,Genaro Estrada Reyna,29,médico pasante en zona rural,mixteco,"San Juan Mixtepec, Oaxaca","Tlayacapan, Morelos",el Centro de Salud de Villa de Ayala,no,Faustino,SÍ — dato apócrifo de prueba
42,SIM_0042_traduccion_testimonio_media.txt,traduccion,testimonio,media,162,Herminia Gaspar Melchor,32,trabajadora social,mazateco,"Huautla de Jiménez, Oaxaca","Villa de Ayala, Morelos","el Hospital General de Cuernavaca ""José G. Parres""",no,,SÍ — dato apócrifo de prueba
43,SIM_0043_traduccion_biografia_oral_media.txt,traduccion,biografia_oral,media,408,Leobardo Cortés Amaro,41,acompañante de trámites,mixteco,"San Juan Mixtepec, Oaxaca","Tlayacapan, Morelos","el Hospital General de Cuernavaca ""José G. Parres""",no,,SÍ — dato apócrifo de prueba
44,SIM_0044_traduccion_carta_presentacion_larga.txt,traduccion,carta_presentacion,larga,386,Aurelia Lara Medina,66,promotora de salud comunitaria,mixteco,"San Juan Mixtepec, Oaxaca","Villa de Ayala, Morelos",el Centro de Salud de Villa de Ayala,no,,SÍ — dato apócrifo de prueba
45,SIM_0045_traduccion_carta_presentacion_media.txt,traduccion,carta_presentacion,media,269,Aurelia Delgado Ríos,56,trabajadora social,zapoteco,"Juchitán, Oaxaca","Cuernavaca, Morelos","el Hospital General de Cuernavaca ""José G. Parres""",no,,SÍ — dato apócrifo de prueba
46,SIM_0046_traduccion_biografia_oral_larga.txt,traduccion,biografia_oral,larga,429,Citlali Flores Cantú,25,trabajadora social,mixteco,"San Juan Mixtepec, Oaxaca","Jiutepec, Morelos","el Hospital General de Cuernavaca ""José G. Parres""",no,,SÍ — dato apócrifo de prueba
47,SIM_0047_traduccion_ficha_participante_media.docx,traduccion,ficha_participante,media,236,Jacinto Cuevas Morales,80,intérprete en salud,náhuatl,"Xoxocotla, Morelos","Temixco, Morelos",el Centro de Salud de Villa de Ayala,sí,,SÍ — dato apócrifo de prueba
48,SIM_0048_traduccion_ficha_participante_media.txt,traduccion,ficha_participante,media,214,Yolanda Castañeda Ruiz,52,partera tradicional,hñähñu (otomí),"Ixmiquilpan, Hidalgo","Villa de Ayala, Morelos",el Centro de Salud de Tlayacapan,no,Elodia,SÍ — dato apócrifo de prueba
49,SIM_0049_traduccion_carta_presentacion_corta.txt,traduccion,carta_presentacion,corta,182,Epifanio Alarcón Bravo,67,intérprete en salud,hñähñu (otomí),"Ixmiquilpan, Hidalgo","Temixco, Morelos",el Centro de Salud de Tlayacapan,no,,SÍ — dato apócrifo de prueba
50,SIM_0050_traduccion_diario_personal_larga.txt,traduccion,diario_personal,larga,368,Xóchitl Peralta Guzmán,27,promotora de salud comunitaria,hñähñu (otomí),"Ixmiquilpan, Hidalgo","Tlayacapan, Morelos",el Centro de Salud de Tlayacapan,no,,SÍ — dato apócrifo de prueba
51,SIM_0051_traduccion_biografia_oral_corta.txt,traduccion,biografia_oral,corta,272,Herminia Santiago Cruz,42,gestora comunitaria,totonaco,"Papantla, Veracruz","Temixco, Morelos",el Centro de Salud de Villa de Ayala,no,,SÍ — dato apócrifo de prueba
52,SIM_0052_traduccion_testimonio_corta.txt,traduccion,testimonio,corta,187,Sabino Olvera Ponce,31,traductor comunitario,mazateco,"Huautla de Jiménez, Oaxaca","Villa de Ayala, Morelos",el Centro de Salud de Tlayacapan,no,Camilo,SÍ — dato apócrifo de prueba
53,SIM_0053_traduccion_carta_presentacion_larga.docx,traduccion,carta_presentacion,larga,382,Cristina Santiago Cruz,77,enfermera de centro de salud,mixteco,"San Juan Mixtepec, Oaxaca","Tepoztlán, Morelos",el Centro de Salud de Tlayacapan,no,,SÍ — dato apócrifo de prueba
54,SIM_0054_traduccion_biografia_oral_corta.txt,traduccion,biografia_oral,corta,292,Abundio López Tecpanécatl,73,intérprete en salud,amuzgo,"Xochistlahuaca, Guerrero","Tepoztlán, Morelos","el Hospital General de Cuernavaca ""José G. Parres""",no,,SÍ — dato apócrifo de prueba
55,SIM_0055_traduccion_testimonio_larga.txt,traduccion,testimonio,larga,294,Octavio Islas Bermúdez,70,traductor comunitario,mixteco,"San Juan Mixtepec, Oaxaca","Cuautla, Morelos",el Centro de Salud de Tlayacapan,no,,SÍ — dato apócrifo de prueba
56,SIM_0056_traduccion_carta_presentacion_larga.docx,traduccion,carta_presentacion,larga,340,Emiliano Ayala Benítez,30,médico pasante en zona rural,zapoteco,"Juchitán, Oaxaca","Cuernavaca, Morelos",el Centro de Salud de Tlayacapan,no,,SÍ — dato apócrifo de prueba
57,SIM_0057_traduccion_biografia_oral_larga.txt,traduccion,biografia_oral,larga,478,Elvira Nava Rendón,31,médico pasante en zona rural,hñähñu (otomí),"Ixmiquilpan, Hidalgo","Tepoztlán, Morelos",el Centro de Salud de Villa de Ayala,no,,SÍ — dato apócrifo de prueba
58,SIM_0058_traduccion_biografia_oral_larga.txt,traduccion,biografia_oral,larga,448,Catalina Figueroa Anaya,30,traductora comunitaria,totonaco,"Papantla, Veracruz","Temixco, Morelos",el Centro de Salud de Villa de Ayala,sí,,SÍ — dato apócrifo de prueba
59,SIM_0059_traduccion_biografia_oral_corta.txt,traduccion,biografia_oral,corta,311,Abundio Islas Bermúdez,51,traductor comunitario,mixteco,"Potoichán, Guerrero","Tepoztlán, Morelos","el Hospital General de Cuernavaca ""José G. Parres""",no,,SÍ — dato apócrifo de prueba
60,SIM_0060_traduccion_carta_presentacion_media.docx,traduccion,carta_presentacion,media,277,Raymundo Santiago Cruz,27,traductor comunitario,mixe,"Tlahuitoltepec, Oaxaca","Jiutepec, Morelos",el Centro de Salud de Tlayacapan,no,,SÍ — dato apócrifo de prueba
61,SIM_0061_traduccion_carta_presentacion_corta.txt,traduccion,carta_presentacion,corta,192,Cristina Vázquez de Jesús,56,traductora comunitaria,mazateco,"Huautla de Jiménez, Oaxaca","Cuernavaca, Morelos",el Centro de Salud de Villa de Ayala,no,,SÍ — dato apócrifo de prueba
62,SIM_0062_traduccion_carta_presentacion_corta.docx,traduccion,carta_presentacion,corta,197,Marisol Bautista Flores,69,trabajadora social,hñähñu (otomí),"Ixmiquilpan, Hidalgo","Yautepec, Morelos",el Centro de Salud de Tlayacapan,no,,SÍ — dato apócrifo de prueba
63,SIM_0063_traduccion_testimonio_media.txt,traduccion,testimonio,media,171,Fidencio Hernández Popoca,24,médico pasante en zona rural,tlapaneco (me'phaa),"Malinaltepec, Guerrero","Tepoztlán, Morelos",el Centro de Salud de Tlayacapan,no,,SÍ — dato apócrifo de prueba
64,SIM_0064_traduccion_carta_presentacion_larga.txt,traduccion,carta_presentacion,larga,418,Camila Delgado Ríos,69,promotora de salud comunitaria,tlapaneco (me'phaa),"Malinaltepec, Guerrero","Tlayacapan, Morelos","el Hospital General de Cuernavaca ""José G. Parres""",no,,SÍ — dato apócrifo de prueba
65,SIM_0065_traduccion_ficha_participante_corta.txt,traduccion,ficha_participante,corta,197,Fidelia Islas Bermúdez,58,intérprete en salud,náhuatl,"Hueyapan, Morelos","Villa de Ayala, Morelos","el Hospital General de Cuernavaca ""José G. Parres""",no,,SÍ — dato apócrifo de prueba
66,SIM_0066_traduccion_biografia_oral_media.txt,traduccion,biografia_oral,media,345,Tomás Santiago Cruz,24,médico pasante en zona rural,tlapaneco (me'phaa),"Malinaltepec, Guerrero","Cuautla, Morelos",el Centro de Salud de Tlayacapan,no,,SÍ — dato apócrifo de prueba
67,SIM_0067_traduccion_carta_presentacion_larga.txt,traduccion,carta_presentacion,larga,378,Cristina Figueroa Anaya,46,enfermera de centro de salud,náhuatl,"Cuentepec, Morelos","Tepoztlán, Morelos",el Centro de Salud de Tlayacapan,no,,SÍ — dato apócrifo de prueba
68,SIM_0068_traduccion_carta_presentacion_media.docx,traduccion,carta_presentacion,media,282,Marcelino Domínguez Petlacalco,26,médico pasante en zona rural,mazateco,"Huautla de Jiménez, Oaxaca","Cuernavaca, Morelos","el Hospital General de Cuernavaca ""José G. Parres""",no,,SÍ — dato apócrifo de prueba
69,SIM_0069_traduccion_ficha_participante_media.txt,traduccion,ficha_participante,media,191,Verónica Quintero Alba,43,acompañante de trámites,zapoteco,"Juchitán, Oaxaca","Temixco, Morelos",el Centro de Salud de Tlayacapan,no,,SÍ — dato apócrifo de prueba
70,SIM_0070_traduccion_ficha_participante_corta.txt,traduccion,ficha_participante,corta,213,Melitón Ayala Benítez,23,traductor comunitario,tlapaneco (me'phaa),"Malinaltepec, Guerrero","Cuernavaca, Morelos",el Centro de Salud de Villa de Ayala,no,,SÍ — dato apócrifo de prueba
71,SIM_0071_dengue_biografia_oral_media.txt,dengue,biografia_oral,media,366,Margarita Gaspar Melchor,41,líder vecinal,tlahuica,"San Juan Atzingo, Estado de México","Cuernavaca, Morelos",la jornada de descacharrización de marzo de 2026,no,,SÍ — dato apócrifo de prueba
72,SIM_0072_dengue_testimonio_larga.txt,dengue,testimonio,larga,226,Silvia González Mentado,31,comerciante del mercado,tlapaneco (me'phaa),"Malinaltepec, Guerrero","Cuernavaca, Morelos",la jornada de descacharrización de marzo de 2026,no,,SÍ — dato apócrifo de prueba
73,SIM_0073_dengue_testimonio_larga.txt,dengue,testimonio,larga,253,Reyna Zepeda Marín,76,líder vecinal,náhuatl,"Cuentepec, Morelos","Cuernavaca, Morelos",la aplicación App-Salud Aedes,no,,SÍ — dato apócrifo de prueba
74,SIM_0074_dengue_carta_presentacion_media.txt,dengue,carta_presentacion,media,226,Eusebio Mendoza Salgado,63,líder vecinal,tsotsil,"Chenalhó, Chiapas","Cuernavaca, Morelos",la aplicación App-Salud Aedes,no,,SÍ — dato apócrifo de prueba
75,SIM_0075_dengue_carta_presentacion_media.txt,dengue,carta_presentacion,media,226,Octavio Cortés Amaro,33,comerciante del mercado,zapoteco,"Juchitán, Oaxaca","Cuernavaca, Morelos",la jornada de descacharrización de marzo de 2026,no,,SÍ — dato apócrifo de prueba
76,SIM_0076_dengue_testimonio_media.txt,dengue,testimonio,media,193,Enedina Valdés Colín,69,verificadora de ovitrampas,mazateco,"Huautla de Jiménez, Oaxaca","Cuernavaca, Morelos",la aplicación App-Salud Aedes,no,,SÍ — dato apócrifo de prueba
77,SIM_0077_dengue_biografia_oral_larga.txt,dengue,biografia_oral,larga,441,Xóchitl Jiménez Toledano,33,delegada de colonia,amuzgo,"Xochistlahuaca, Guerrero","Cuernavaca, Morelos",la jornada de descacharrización de marzo de 2026,no,,SÍ — dato apócrifo de prueba
78,SIM_0078_dengue_diario_personal_larga.txt,dengue,diario_personal,larga,318,Celerino Lara Medina,61,comerciante del mercado,náhuatl,"Cuentepec, Morelos","Cuernavaca, Morelos",la jornada de descacharrización de marzo de 2026,no,,SÍ — dato apócrifo de prueba
79,SIM_0079_dengue_biografia_oral_media.txt,dengue,biografia_oral,media,379,Rosalba Huerta Escamilla,77,delegada de colonia,tlapaneco (me'phaa),"Malinaltepec, Guerrero","Cuernavaca, Morelos",la aplicación App-Salud Aedes,no,Patricia,SÍ — dato apócrifo de prueba
80,SIM_0080_dengue_carta_presentacion_media.docx,dengue,carta_presentacion,media,312,Socorro Franco Torres,28,ayudante municipal,mixteco,"San Juan Mixtepec, Oaxaca","Cuernavaca, Morelos",la aplicación App-Salud Aedes,no,Andrés,SÍ — dato apócrifo de prueba
81,SIM_0081_dengue_testimonio_larga.txt,dengue,testimonio,larga,171,Refugio Ortiz de la Cruz,61,ayudante municipal,mixteco,"Potoichán, Guerrero","Cuernavaca, Morelos",la aplicación App-Salud Aedes,no,,SÍ — dato apócrifo de prueba
82,SIM_0082_dengue_biografia_oral_larga.txt,dengue,biografia_oral,larga,449,Catalina Osorio Bello,75,enfermera de campo,náhuatl,"Hueyapan, Morelos","Cuernavaca, Morelos",la jornada de descacharrización de marzo de 2026,no,,SÍ — dato apócrifo de prueba
83,SIM_0083_dengue_biografia_oral_media.txt,dengue,biografia_oral,media,384,Elvira Flores Cantú,21,enfermera de campo,zapoteco,"Juchitán, Oaxaca","Cuernavaca, Morelos",la aplicación App-Salud Aedes,no,,SÍ — dato apócrifo de prueba
84,SIM_0084_dengue_testimonio_larga.txt,dengue,testimonio,larga,199,Froylán Osorio Bello,23,líder vecinal,mixe,"Tlahuitoltepec, Oaxaca","Cuernavaca, Morelos",la jornada de descacharrización de marzo de 2026,no,,SÍ — dato apócrifo de prueba
85,SIM_0085_dengue_ficha_participante_media.docx,dengue,ficha_participante,media,171,Domingo Valdés Colín,38,brigadista de vectores,náhuatl,"Cuentepec, Morelos","Cuernavaca, Morelos",la aplicación App-Salud Aedes,no,,SÍ — dato apócrifo de prueba
86,SIM_0086_dengue_carta_presentacion_larga.txt,dengue,carta_presentacion,larga,373,Refugio Valdés Colín,26,comerciante del mercado,mixe,"Tlahuitoltepec, Oaxaca","Cuernavaca, Morelos",la jornada de descacharrización de marzo de 2026,sí,,SÍ — dato apócrifo de prueba
87,SIM_0087_dengue_biografia_oral_corta.txt,dengue,biografia_oral,corta,241,Froylán Quintero Alba,69,técnico entomológico,mixteco,"Potoichán, Guerrero","Cuernavaca, Morelos",la jornada de descacharrización de marzo de 2026,no,,SÍ — dato apócrifo de prueba
88,SIM_0088_dengue_testimonio_media.txt,dengue,testimonio,media,183,Celerino Franco Torres,28,líder vecinal,mixteco,"Potoichán, Guerrero","Cuernavaca, Morelos",la jornada de descacharrización de marzo de 2026,no,,SÍ — dato apócrifo de prueba
89,SIM_0089_dengue_carta_presentacion_larga.docx,dengue,carta_presentacion,larga,330,Rogelio Hernández Popoca,51,comerciante del mercado,tlapaneco (me'phaa),"Malinaltepec, Guerrero","Cuernavaca, Morelos",la jornada de descacharrización de marzo de 2026,no,,SÍ — dato apócrifo de prueba
90,SIM_0090_dengue_biografia_oral_larga.txt,dengue,biografia_oral,larga,449,Nicolás Ayala Benítez,64,ayudante municipal,amuzgo,"Xochistlahuaca, Guerrero","Cuernavaca, Morelos",la jornada de descacharrización de marzo de 2026,no,,SÍ — dato apócrifo de prueba
91,SIM_0091_dengue_biografia_oral_media.txt,dengue,biografia_oral,media,382,Tomás Osorio Bello,62,líder vecinal,tlapaneco (me'phaa),"Malinaltepec, Guerrero","Cuernavaca, Morelos",la aplicación App-Salud Aedes,no,,SÍ — dato apócrifo de prueba
92,SIM_0092_dengue_diario_personal_media.txt,dengue,diario_personal,media,210,Silvestre Peralta Guzmán,53,chofer de la unidad de nebulización,mixe,"Tlahuitoltepec, Oaxaca","Cuernavaca, Morelos",la jornada de descacharrización de marzo de 2026,no,,SÍ — dato apócrifo de prueba
93,SIM_0093_dengue_carta_presentacion_media.docx,dengue,carta_presentacion,media,254,Elvira Castañeda Ruiz,79,comerciante del mercado,mixe,"Tlahuitoltepec, Oaxaca","Cuernavaca, Morelos",la aplicación App-Salud Aedes,no,,SÍ — dato apócrifo de prueba
94,SIM_0094_dengue_biografia_oral_corta.txt,dengue,biografia_oral,corta,282,Eusebio Salazar Prieto,50,técnico entomológico,mazateco,"Huautla de Jiménez, Oaxaca","Cuernavaca, Morelos",la jornada de descacharrización de marzo de 2026,no,,SÍ — dato apócrifo de prueba
95,SIM_0095_dengue_diario_personal_media.txt,dengue,diario_personal,media,137,Gabriela Martínez Yopihua,63,brigadista de vectores,totonaco,"Papantla, Veracruz","Cuernavaca, Morelos",la jornada de descacharrización de marzo de 2026,no,,SÍ — dato apócrifo de prueba
96,SIM_0096_dengue_ficha_participante_corta.docx,dengue,ficha_participante,corta,180,Ernesto Alarcón Bravo,72,ayudante municipal,totonaco,"Papantla, Veracruz","Cuernavaca, Morelos",la jornada de descacharrización de marzo de 2026,no,,SÍ — dato apócrifo de prueba
97,SIM_0097_dengue_carta_presentacion_media.docx,dengue,carta_presentacion,media,264,Celerino Téllez Aranda,70,comerciante del mercado,totonaco,"Papantla, Veracruz","Cuernavaca, Morelos",la aplicación App-Salud Aedes,no,,SÍ — dato apócrifo de prueba
98,SIM_0098_dengue_testimonio_media.txt,dengue,testimonio,media,168,Verónica Ayala Benítez,50,promotora de salud,tlapaneco (me'phaa),"Malinaltepec, Guerrero","Cuernavaca, Morelos",la aplicación App-Salud Aedes,no,,SÍ — dato apócrifo de prueba
99,SIM_0099_dengue_carta_presentacion_media.docx,dengue,carta_presentacion,media,264,Arnulfo Mendoza Salgado,40,técnico entomológico,náhuatl,"Cuentepec, Morelos","Cuernavaca, Morelos",la aplicación App-Salud Aedes,no,,SÍ — dato apócrifo de prueba
100,SIM_0100_dengue_carta_presentacion_corta.txt,dengue,carta_presentacion,corta,186,Micaela Ibarra Solís,24,comerciante del mercado,mixteco,"San Juan Mixtepec, Oaxaca","Cuernavaca, Morelos",la aplicación App-Salud Aedes,no,,SÍ — dato apócrifo de prueba
101,SIM_0101_dengue_biografia_oral_media.txt,dengue,biografia_oral,media,303,Silvia Castañeda Ruiz,40,verificadora de ovitrampas,tlapaneco (me'phaa),"Malinaltepec, Guerrero","Cuernavaca, Morelos",la jornada de descacharrización de marzo de 2026,no,,SÍ — dato apócrifo de prueba
102,SIM_0102_dengue_ficha_participante_corta.txt,dengue,ficha_participante,corta,163,Catalina Reyes Tlacomulco,33,verificadora de ovitrampas,mazateco,"Huautla de Jiménez, Oaxaca","Cuernavaca, Morelos",la aplicación App-Salud Aedes,no,,SÍ — dato apócrifo de prueba
103,SIM_0103_dengue_carta_presentacion_media.txt,dengue,carta_presentacion,media,273,Ofelia Franco Torres,81,delegada de colonia,mazateco,"Huautla de Jiménez, Oaxaca","Cuernavaca, Morelos",la aplicación App-Salud Aedes,no,,SÍ — dato apócrifo de prueba
104,SIM_0104_dengue_diario_personal_larga.txt,dengue,diario_personal,larga,310,Erandi Nava Rendón,25,verificadora de ovitrampas,mixteco,"Potoichán, Guerrero","Cuernavaca, Morelos",la aplicación App-Salud Aedes,no,,SÍ — dato apócrifo de prueba
105,SIM_0105_dengue_diario_personal_larga.txt,dengue,diario_personal,larga,282,Ismael Uribe Camacho,66,brigadista de vectores,tsotsil,"Chenalhó, Chiapas","Cuernavaca, Morelos",la aplicación App-Salud Aedes,no,,SÍ — dato apócrifo de prueba
106,SIM_0106_dengue_carta_presentacion_corta.docx,dengue,carta_presentacion,corta,196,Yaretzi Flores Cantú,36,líder vecinal,mixteco,"Potoichán, Guerrero","Cuernavaca, Morelos",la jornada de descacharrización de marzo de 2026,no,,SÍ — dato apócrifo de prueba
107,SIM_0107_dengue_carta_presentacion_media.docx,dengue,carta_presentacion,media,249,Arnulfo Cuevas Morales,42,líder vecinal,náhuatl,"Cuentepec, Morelos","Cuernavaca, Morelos",la jornada de descacharrización de marzo de 2026,no,,SÍ — dato apócrifo de prueba
108,SIM_0108_dengue_carta_presentacion_larga.docx,dengue,carta_presentacion,larga,404,Andrés Osorio Bello,43,ayudante municipal,hñähñu (otomí),"Ixmiquilpan, Hidalgo","Cuernavaca, Morelos",la aplicación App-Salud Aedes,no,,SÍ — dato apócrifo de prueba
109,SIM_0109_dengue_biografia_oral_corta.txt,dengue,biografia_oral,corta,275,Gregorio Ibarra Solís,73,ayudante municipal,zapoteco,"Juchitán, Oaxaca","Cuernavaca, Morelos",la aplicación App-Salud Aedes,no,,SÍ — dato apócrifo de prueba
110,SIM_0110_dengue_carta_presentacion_larga.docx,dengue,carta_presentacion,larga,394,Raymundo Bautista Flores,80,líder vecinal,mazateco,"Huautla de Jiménez, Oaxaca","Cuernavaca, Morelos",la jornada de descacharrización de marzo de 2026,sí,,SÍ — dato apócrifo de prueba
111,SIM_0111_dengue_testimonio_media.txt,dengue,testimonio,media,205,Catalina Rosales Vega,75,líder vecinal,tsotsil,"Chenalhó, Chiapas","Cuernavaca, Morelos",la aplicación App-Salud Aedes,no,Jacinto,SÍ — dato apócrifo de prueba
112,SIM_0112_dengue_testimonio_media.txt,dengue,testimonio,media,189,Estela Villanueva Ocampo,62,promotora de salud,tlapaneco (me'phaa),"Malinaltepec, Guerrero","Cuernavaca, Morelos",la aplicación App-Salud Aedes,no,,SÍ — dato apócrifo de prueba
113,SIM_0113_dengue_ficha_participante_corta.txt,dengue,ficha_participante,corta,187,Emiliano Castañeda Ruiz,33,técnico entomológico,náhuatl,"Cuentepec, Morelos","Cuernavaca, Morelos",la jornada de descacharrización de marzo de 2026,no,,SÍ — dato apócrifo de prueba
114,SIM_0114_dengue_carta_presentacion_corta.docx,dengue,carta_presentacion,corta,183,Leobardo Cortés Amaro,29,técnico entomológico,zapoteco,"Juchitán, Oaxaca","Cuernavaca, Morelos",la aplicación App-Salud Aedes,no,,SÍ — dato apócrifo de prueba
115,SIM_0115_dengue_ficha_participante_larga.txt,dengue,ficha_participante,larga,290,Yaretzi Ayala Benítez,56,delegada de colonia,mazateco,"Huautla de Jiménez, Oaxaca","Cuernavaca, Morelos",la jornada de descacharrización de marzo de 2026,no,,SÍ — dato apócrifo de prueba
116,SIM_0116_dengue_ficha_participante_corta.txt,dengue,ficha_participante,corta,197,Efrén Tapia Onofre,59,comerciante del mercado,mazateco,"Huautla de Jiménez, Oaxaca","Cuernavaca, Morelos",la jornada de descacharrización de marzo de 2026,no,,SÍ — dato apócrifo de prueba
117,SIM_0117_dengue_ficha_participante_media.docx,dengue,ficha_participante,media,178,Bertha Téllez Aranda,77,delegada de colonia,náhuatl,"Xoxocotla, Morelos","Cuernavaca, Morelos",la aplicación App-Salud Aedes,no,,SÍ — dato apócrifo de prueba
118,SIM_0118_dengue_diario_personal_corta.txt,dengue,diario_personal,corta,104,Estela Nava Rendón,70,enfermera de campo,tlapaneco (me'phaa),"Malinaltepec, Guerrero","Cuernavaca, Morelos",la jornada de descacharrización de marzo de 2026,no,,SÍ — dato apócrifo de prueba
119,SIM_0119_dengue_carta_presentacion_corta.docx,dengue,carta_presentacion,corta,204,Silvestre Meza Cárdenas,66,ayudante municipal,tlahuica,"San Juan Atzingo, Estado de México","Cuernavaca, Morelos",la aplicación App-Salud Aedes,no,,SÍ — dato apócrifo de prueba
120,SIM_0120_dengue_testimonio_corta.txt,dengue,testimonio,corta,127,Elodia Galindo Peña,58,comerciante del mercado,hñähñu (otomí),"Ixmiquilpan, Hidalgo","Cuernavaca, Morelos",la jornada de descacharrización de marzo de 2026,no,,SÍ — dato apócrifo de prueba
121,SIM_0121_dengue_ficha_participante_corta.txt,dengue,ficha_participante,corta,155,Citlali Cuevas Morales,30,verificadora de ovitrampas,mazateco,"Huautla de Jiménez, Oaxaca","Cuernavaca, Morelos",la aplicación App-Salud Aedes,no,,SÍ — dato apócrifo de prueba
122,SIM_0122_dengue_carta_presentacion_media.docx,dengue,carta_presentacion,media,303,Raymundo Olvera Ponce,66,ayudante municipal,tsotsil,"Chenalhó, Chiapas","Cuernavaca, Morelos",la jornada de descacharrización de marzo de 2026,no,Leticia,SÍ — dato apócrifo de prueba
123,SIM_0123_dengue_biografia_oral_larga.txt,dengue,biografia_oral,larga,418,Abundio Nava Rendón,68,técnico entomológico,mixteco,"Potoichán, Guerrero","Cuernavaca, Morelos",la jornada de descacharrización de marzo de 2026,no,,SÍ — dato apócrifo de prueba
124,SIM_0124_dengue_diario_personal_media.txt,dengue,diario_personal,media,199,Beatriz Villanueva Ocampo,39,líder vecinal,totonaco,"Papantla, Veracruz","Cuernavaca, Morelos",la aplicación App-Salud Aedes,no,,SÍ — dato apócrifo de prueba
125,SIM_0125_dengue_biografia_oral_media.txt,dengue,biografia_oral,media,385,Micaela Juárez Cano,26,líder vecinal,mazateco,"Huautla de Jiménez, Oaxaca","Cuernavaca, Morelos",la jornada de descacharrización de marzo de 2026,no,,SÍ — dato apócrifo de prueba
126,SIM_0126_dengue_diario_personal_larga.txt,dengue,diario_personal,larga,293,Eusebio Lara Medina,57,técnico entomológico,mazateco,"Huautla de Jiménez, Oaxaca","Cuernavaca, Morelos",la jornada de descacharrización de marzo de 2026,no,,SÍ — dato apócrifo de prueba
127,SIM_0127_dengue_diario_personal_media.txt,dengue,diario_personal,media,189,Zenaida Jiménez Toledano,55,ayudante municipal,totonaco,"Papantla, Veracruz","Cuernavaca, Morelos",la jornada de descacharrización de marzo de 2026,no,,SÍ — dato apócrifo de prueba
128,SIM_0128_dengue_testimonio_media.txt,dengue,testimonio,media,189,Raymundo Tapia Onofre,42,técnico entomológico,zapoteco,"Juchitán, Oaxaca","Cuernavaca, Morelos",la jornada de descacharrización de marzo de 2026,no,,SÍ — dato apócrifo de prueba
129,SIM_0129_dengue_testimonio_media.txt,dengue,testimonio,media,202,Gregorio Uribe Camacho,79,líder vecinal,mixteco,"San Juan Mixtepec, Oaxaca","Cuernavaca, Morelos",la jornada de descacharrización de marzo de 2026,no,Zenaida,SÍ — dato apócrifo de prueba
130,SIM_0130_dengue_biografia_oral_media.txt,dengue,biografia_oral,media,371,Bertha Cortés Amaro,53,ayudante municipal,zapoteco,"Juchitán, Oaxaca","Cuernavaca, Morelos",la jornada de descacharrización de marzo de 2026,no,,SÍ — dato apócrifo de prueba
131,SIM_0131_escuela_diario_personal_corta.txt,escuela,diario_personal,corta,192,Leticia Olvera Ponce,28,madre de familia,tsotsil,"Chenalhó, Chiapas","Cuernavaca, Morelos","Escuela Primaria ""Miguel Hidalgo"" de la colonia Ciudad Chapultepec",no,Raymundo,SÍ — dato apócrifo de prueba
132,SIM_0132_escuela_testimonio_media.txt,escuela,testimonio,media,193,Sandra Santiago Cruz,64,directora,hñähñu (otomí),"Ixmiquilpan, Hidalgo","Cuernavaca, Morelos","Escuela Primaria ""Miguel Hidalgo"" de la colonia Ciudad Chapultepec",no,,SÍ — dato apócrifo de prueba
133,SIM_0133_escuela_testimonio_media.txt,escuela,testimonio,media,207,Delfina Martínez Yopihua,74,madre de familia,tlapaneco (me'phaa),"Malinaltepec, Guerrero","Cuernavaca, Morelos","Escuela Primaria ""Miguel Hidalgo"" de la colonia Ciudad Chapultepec",no,,SÍ — dato apócrifo de prueba
134,SIM_0134_escuela_biografia_oral_media.txt,escuela,biografia_oral,media,444,Tomás Jiménez Toledano,43,supervisor de zona escolar,náhuatl,"Xoxocotla, Morelos","Cuernavaca, Morelos","Escuela Primaria ""Miguel Hidalgo"" de la colonia Ciudad Chapultepec",no,,SÍ — dato apócrifo de prueba
135,SIM_0135_escuela_testimonio_larga.txt,escuela,testimonio,larga,276,Delfina Ramírez Xochihua,22,brigadista de protección civil,amuzgo,"Xochistlahuaca, Guerrero","Cuernavaca, Morelos","Escuela Primaria ""Miguel Hidalgo"" de la colonia Ciudad Chapultepec",no,Ismael,SÍ — dato apócrifo de prueba
136,SIM_0136_escuela_carta_presentacion_corta.docx,escuela,carta_presentacion,corta,201,Maximino Uribe Camacho,81,brigadista de protección civil,mixteco,"San Juan Mixtepec, Oaxaca","Cuernavaca, Morelos","Escuela Primaria ""Miguel Hidalgo"" de la colonia Ciudad Chapultepec",no,,SÍ — dato apócrifo de prueba
137,SIM_0137_escuela_testimonio_corta.txt,escuela,testimonio,corta,118,Irene Cortés Amaro,30,madre de familia,zapoteco,"Juchitán, Oaxaca","Cuernavaca, Morelos","Escuela Primaria ""Miguel Hidalgo"" de la colonia Ciudad Chapultepec",no,,SÍ — dato apócrifo de prueba
138,SIM_0138_escuela_ficha_participante_corta.docx,escuela,ficha_participante,corta,209,Herminia Lara Medina,48,madre de familia,náhuatl,"Xoxocotla, Morelos","Cuernavaca, Morelos","Escuela Primaria ""Miguel Hidalgo"" de la colonia Ciudad Chapultepec",sí,,SÍ — dato apócrifo de prueba
139,SIM_0139_escuela_biografia_oral_media.txt,escuela,biografia_oral,media,414,Fidelia Juárez Cano,63,madre de familia,náhuatl,"Cuentepec, Morelos","Cuernavaca, Morelos","Escuela Primaria ""Miguel Hidalgo"" de la colonia Ciudad Chapultepec",no,,SÍ — dato apócrifo de prueba
140,SIM_0140_escuela_biografia_oral_corta.txt,escuela,biografia_oral,corta,273,Guadalupe González Mentado,57,directora,amuzgo,"Xochistlahuaca, Guerrero","Cuernavaca, Morelos","Escuela Primaria ""Miguel Hidalgo"" de la colonia Ciudad Chapultepec",no,,SÍ — dato apócrifo de prueba
141,SIM_0141_escuela_biografia_oral_media.txt,escuela,biografia_oral,media,342,Leobardo Alarcón Bravo,42,padre de familia,tlahuica,"San Juan Atzingo, Estado de México","Cuernavaca, Morelos","Escuela Primaria ""Miguel Hidalgo"" de la colonia Ciudad Chapultepec",no,,SÍ — dato apócrifo de prueba
142,SIM_0142_escuela_biografia_oral_larga.txt,escuela,biografia_oral,larga,473,Zenaida Valdés Colín,20,brigadista de protección civil,tlapaneco (me'phaa),"Malinaltepec, Guerrero","Cuernavaca, Morelos","Escuela Primaria ""Miguel Hidalgo"" de la colonia Ciudad Chapultepec",no,,SÍ — dato apócrifo de prueba
143,SIM_0143_escuela_carta_presentacion_corta.docx,escuela,carta_presentacion,corta,195,Froylán Ramírez Xochihua,49,padre de familia,náhuatl,"Hueyapan, Morelos","Cuernavaca, Morelos","Escuela Primaria ""Miguel Hidalgo"" de la colonia Ciudad Chapultepec",no,,SÍ — dato apócrifo de prueba
144,SIM_0144_escuela_testimonio_larga.txt,escuela,testimonio,larga,266,Maximino Estrada Reyna,60,brigadista de protección civil,tlapaneco (me'phaa),"Malinaltepec, Guerrero","Cuernavaca, Morelos","Escuela Primaria ""Miguel Hidalgo"" de la colonia Ciudad Chapultepec",no,,SÍ — dato apócrifo de prueba
145,SIM_0145_escuela_carta_presentacion_larga.txt,escuela,carta_presentacion,larga,338,Silvestre Flores Cantú,28,brigadista de protección civil,náhuatl,"Cuentepec, Morelos","Cuernavaca, Morelos","Escuela Primaria ""Miguel Hidalgo"" de la colonia Ciudad Chapultepec",no,,SÍ — dato apócrifo de prueba
146,SIM_0146_escuela_carta_presentacion_media.docx,escuela,carta_presentacion,media,277,Ernesto Huerta Escamilla,59,brigadista de protección civil,amuzgo,"Xochistlahuaca, Guerrero","Cuernavaca, Morelos","Escuela Primaria ""Miguel Hidalgo"" de la colonia Ciudad Chapultepec",no,,SÍ — dato apócrifo de prueba
147,SIM_0147_escuela_ficha_participante_larga.txt,escuela,ficha_participante,larga,315,Petra Delgado Ríos,36,directora,totonaco,"Papantla, Veracruz","Cuernavaca, Morelos","Escuela Primaria ""Miguel Hidalgo"" de la colonia Ciudad Chapultepec",no,,SÍ — dato apócrifo de prueba
148,SIM_0148_escuela_testimonio_corta.txt,escuela,testimonio,corta,157,Genaro Figueroa Anaya,43,supervisor de zona escolar,náhuatl,"Hueyapan, Morelos","Cuernavaca, Morelos","Escuela Primaria ""Miguel Hidalgo"" de la colonia Ciudad Chapultepec",no,,SÍ — dato apócrifo de prueba
149,SIM_0149_escuela_ficha_participante_media.txt,escuela,ficha_participante,media,219,Refugio Salazar Prieto,63,brigadista de protección civil,amuzgo,"Xochistlahuaca, Guerrero","Cuernavaca, Morelos","Escuela Primaria ""Miguel Hidalgo"" de la colonia Ciudad Chapultepec",no,,SÍ — dato apócrifo de prueba
150,SIM_0150_escuela_ficha_participante_corta.docx,escuela,ficha_participante,corta,211,Elodia Castañeda Ruiz,25,maestra de primaria,hñähñu (otomí),"Ixmiquilpan, Hidalgo","Cuernavaca, Morelos","Escuela Primaria ""Miguel Hidalgo"" de la colonia Ciudad Chapultepec",no,Yolanda,SÍ — dato apócrifo de prueba
151,SIM_0151_escuela_diario_personal_media.txt,escuela,diario_personal,media,245,Faustino Estrada Reyna,51,padre de familia,mixteco,"San Juan Mixtepec, Oaxaca","Cuernavaca, Morelos","Escuela Primaria ""Miguel Hidalgo"" de la colonia Ciudad Chapultepec",no,Genaro,SÍ — dato apócrifo de prueba
152,SIM_0152_escuela_carta_presentacion_corta.docx,escuela,carta_presentacion,corta,198,Genaro Ibarra Solís,20,brigadista de protección civil,mazateco,"Huautla de Jiménez, Oaxaca","Cuernavaca, Morelos","Escuela Primaria ""Miguel Hidalgo"" de la colonia Ciudad Chapultepec",no,,SÍ — dato apócrifo de prueba
153,SIM_0153_escuela_diario_personal_media.txt,escuela,diario_personal,media,207,Faustino Salazar Prieto,26,padre de familia,totonaco,"Papantla, Veracruz","Cuernavaca, Morelos","Escuela Primaria ""Miguel Hidalgo"" de la colonia Ciudad Chapultepec",no,,SÍ — dato apócrifo de prueba
154,SIM_0154_escuela_biografia_oral_media.txt,escuela,biografia_oral,media,409,Juana Peralta Guzmán,59,brigadista de protección civil,hñähñu (otomí),"Ixmiquilpan, Hidalgo","Cuernavaca, Morelos","Escuela Primaria ""Miguel Hidalgo"" de la colonia Ciudad Chapultepec",no,,SÍ — dato apócrifo de prueba
155,SIM_0155_escuela_ficha_participante_corta.docx,escuela,ficha_participante,corta,248,Efrén Hernández Popoca,23,padre de familia,náhuatl,"Hueyapan, Morelos","Cuernavaca, Morelos","Escuela Primaria ""Miguel Hidalgo"" de la colonia Ciudad Chapultepec",sí,,SÍ — dato apócrifo de prueba
156,SIM_0156_escuela_testimonio_larga.txt,escuela,testimonio,larga,293,Crisóforo Osorio Bello,29,maestro de primaria,mazateco,"Huautla de Jiménez, Oaxaca","Cuernavaca, Morelos","Escuela Primaria ""Miguel Hidalgo"" de la colonia Ciudad Chapultepec",no,,SÍ — dato apócrifo de prueba
157,SIM_0157_escuela_carta_presentacion_corta.docx,escuela,carta_presentacion,corta,196,Marisol Téllez Aranda,49,madre de familia,náhuatl,"Xoxocotla, Morelos","Cuernavaca, Morelos","Escuela Primaria ""Miguel Hidalgo"" de la colonia Ciudad Chapultepec",no,,SÍ — dato apócrifo de prueba
158,SIM_0158_escuela_testimonio_larga.txt,escuela,testimonio,larga,266,Guadalupe Villanueva Ocampo,82,conserje de la escuela,náhuatl,"Xoxocotla, Morelos","Cuernavaca, Morelos","Escuela Primaria ""Miguel Hidalgo"" de la colonia Ciudad Chapultepec",no,,SÍ — dato apócrifo de prueba
159,SIM_0159_escuela_diario_personal_corta.txt,escuela,diario_personal,corta,119,Rosalba Osorio Bello,74,psicóloga educativa,amuzgo,"Xochistlahuaca, Guerrero","Cuernavaca, Morelos","Escuela Primaria ""Miguel Hidalgo"" de la colonia Ciudad Chapultepec",no,,SÍ — dato apócrifo de prueba
160,SIM_0160_escuela_testimonio_larga.txt,escuela,testimonio,larga,266,Camilo Huerta Escamilla,25,brigadista de protección civil,náhuatl,"Hueyapan, Morelos","Cuernavaca, Morelos","Escuela Primaria ""Miguel Hidalgo"" de la colonia Ciudad Chapultepec",no,,SÍ — dato apócrifo de prueba
161,SIM_0161_escuela_ficha_participante_media.txt,escuela,ficha_participante,media,180,Herminia Pineda Cuenca,82,psicóloga educativa,zapoteco,"Juchitán, Oaxaca","Cuernavaca, Morelos","Escuela Primaria ""Miguel Hidalgo"" de la colonia Ciudad Chapultepec",no,,SÍ — dato apócrifo de prueba
162,SIM_0162_escuela_carta_presentacion_media.docx,escuela,carta_presentacion,media,322,Leticia López Tecpanécatl,30,madre de familia,náhuatl,"Xoxocotla, Morelos","Cuernavaca, Morelos","Escuela Primaria ""Miguel Hidalgo"" de la colonia Ciudad Chapultepec",sí,,SÍ — dato apócrifo de prueba
163,SIM_0163_escuela_carta_presentacion_corta.docx,escuela,carta_presentacion,corta,203,Yolanda Ramírez Xochihua,56,psicóloga educativa,mixe,"Tlahuitoltepec, Oaxaca","Cuernavaca, Morelos","Escuela Primaria ""Miguel Hidalgo"" de la colonia Ciudad Chapultepec",no,,SÍ — dato apócrifo de prueba
164,SIM_0164_escuela_testimonio_larga.txt,escuela,testimonio,larga,255,Bonifacio Osorio Bello,28,brigadista de protección civil,totonaco,"Papantla, Veracruz","Cuernavaca, Morelos","Escuela Primaria ""Miguel Hidalgo"" de la colonia Ciudad Chapultepec",no,,SÍ — dato apócrifo de prueba
165,SIM_0165_escuela_carta_presentacion_corta.txt,escuela,carta_presentacion,corta,235,Amalia Quintero Alba,40,directora,tsotsil,"Chenalhó, Chiapas","Cuernavaca, Morelos","Escuela Primaria ""Miguel Hidalgo"" de la colonia Ciudad Chapultepec",no,Raymundo,SÍ — dato apócrifo de prueba
166,SIM_0166_escuela_ficha_participante_media.txt,escuela,ficha_participante,media,200,Elodia Zepeda Marín,82,directora,mazateco,"Huautla de Jiménez, Oaxaca","Cuernavaca, Morelos","Escuela Primaria ""Miguel Hidalgo"" de la colonia Ciudad Chapultepec",no,,SÍ — dato apócrifo de prueba
167,SIM_0167_escuela_biografia_oral_corta.txt,escuela,biografia_oral,corta,263,Tonatiuh Vázquez de Jesús,51,supervisor de zona escolar,amuzgo,"Xochistlahuaca, Guerrero","Cuernavaca, Morelos","Escuela Primaria ""Miguel Hidalgo"" de la colonia Ciudad Chapultepec",no,,SÍ — dato apócrifo de prueba
168,SIM_0168_escuela_testimonio_corta.txt,escuela,testimonio,corta,118,Enedina Huerta Escamilla,39,brigadista de protección civil,mazateco,"Huautla de Jiménez, Oaxaca","Cuernavaca, Morelos","Escuela Primaria ""Miguel Hidalgo"" de la colonia Ciudad Chapultepec",no,,SÍ — dato apócrifo de prueba
169,SIM_0169_escuela_testimonio_media.txt,escuela,testimonio,media,180,Ernesto Domínguez Petlacalco,76,conserje de la escuela,zapoteco,"Juchitán, Oaxaca","Cuernavaca, Morelos","Escuela Primaria ""Miguel Hidalgo"" de la colonia Ciudad Chapultepec",no,,SÍ — dato apócrifo de prueba
170,SIM_0170_escuela_testimonio_larga.txt,escuela,testimonio,larga,282,Amalia Alarcón Bravo,60,conserje de la escuela,totonaco,"Papantla, Veracruz","Cuernavaca, Morelos","Escuela Primaria ""Miguel Hidalgo"" de la colonia Ciudad Chapultepec",no,Socorro,SÍ — dato apócrifo de prueba
171,SIM_0171_escuela_testimonio_corta.txt,escuela,testimonio,corta,169,Guadalupe Reyes Tlacomulco,68,conserje de la escuela,mixteco,"San Juan Mixtepec, Oaxaca","Cuernavaca, Morelos","Escuela Primaria ""Miguel Hidalgo"" de la colonia Ciudad Chapultepec",sí,,SÍ — dato apócrifo de prueba
172,SIM_0172_escuela_biografia_oral_media.txt,escuela,biografia_oral,media,390,Micaela Uribe Camacho,55,psicóloga educativa,mixe,"Tlahuitoltepec, Oaxaca","Cuernavaca, Morelos","Escuela Primaria ""Miguel Hidalgo"" de la colonia Ciudad Chapultepec",no,,SÍ — dato apócrifo de prueba
173,SIM_0173_escuela_biografia_oral_media.txt,escuela,biografia_oral,media,441,Delfina Huerta Escamilla,74,psicóloga educativa,zapoteco,"Juchitán, Oaxaca","Cuernavaca, Morelos","Escuela Primaria ""Miguel Hidalgo"" de la colonia Ciudad Chapultepec",no,,SÍ — dato apócrifo de prueba
174,SIM_0174_escuela_ficha_participante_larga.txt,escuela,ficha_participante,larga,284,Raymundo Noriega Palma,37,brigadista de protección civil,zapoteco,"Juchitán, Oaxaca","Cuernavaca, Morelos","Escuela Primaria ""Miguel Hidalgo"" de la colonia Ciudad Chapultepec",no,,SÍ — dato apócrifo de prueba
175,SIM_0175_escuela_diario_personal_media.txt,escuela,diario_personal,media,200,Eusebio Pineda Cuenca,28,brigadista de protección civil,mixteco,"Potoichán, Guerrero","Cuernavaca, Morelos","Escuela Primaria ""Miguel Hidalgo"" de la colonia Ciudad Chapultepec",no,,SÍ — dato apócrifo de prueba
176,SIM_0176_escuela_diario_personal_media.txt,escuela,diario_personal,media,221,Estela Juárez Cano,49,conserje de la escuela,zapoteco,"Juchitán, Oaxaca","Cuernavaca, Morelos","Escuela Primaria ""Miguel Hidalgo"" de la colonia Ciudad Chapultepec",no,,SÍ — dato apócrifo de prueba
177,SIM_0177_escuela_biografia_oral_corta.txt,escuela,biografia_oral,corta,278,Epifanio Lara Medina,33,conserje de la escuela,tlapaneco (me'phaa),"Malinaltepec, Guerrero","Cuernavaca, Morelos","Escuela Primaria ""Miguel Hidalgo"" de la colonia Ciudad Chapultepec",no,,SÍ — dato apócrifo de prueba
178,SIM_0178_escuela_testimonio_corta.txt,escuela,testimonio,corta,134,Vicente Juárez Cano,22,padre de familia,náhuatl,"Hueyapan, Morelos","Cuernavaca, Morelos","Escuela Primaria ""Miguel Hidalgo"" de la colonia Ciudad Chapultepec",no,,SÍ — dato apócrifo de prueba
179,SIM_0179_escuela_carta_presentacion_media.docx,escuela,carta_presentacion,media,315,Fidelia Rosales Vega,47,vendedora de la cooperativa escolar,náhuatl,"Hueyapan, Morelos","Cuernavaca, Morelos","Escuela Primaria ""Miguel Hidalgo"" de la colonia Ciudad Chapultepec",no,,SÍ — dato apócrifo de prueba
180,SIM_0180_escuela_carta_presentacion_media.txt,escuela,carta_presentacion,media,316,Fidencio Sedano Trujillo,48,supervisor de zona escolar,mixteco,"San Juan Mixtepec, Oaxaca","Cuernavaca, Morelos","Escuela Primaria ""Miguel Hidalgo"" de la colonia Ciudad Chapultepec",no,,SÍ — dato apócrifo de prueba
181,SIM_0181_escuela_biografia_oral_corta.txt,escuela,biografia_oral,corta,244,Sabino Bautista Flores,58,conserje de la escuela,náhuatl,"Cuentepec, Morelos","Cuernavaca, Morelos","Escuela Primaria ""Miguel Hidalgo"" de la colonia Ciudad Chapultepec",no,,SÍ — dato apócrifo de prueba
182,SIM_0182_escuela_carta_presentacion_media.docx,escuela,carta_presentacion,media,303,Froylán Zepeda Marín,23,padre de familia,náhuatl,"Cuentepec, Morelos","Cuernavaca, Morelos","Escuela Primaria ""Miguel Hidalgo"" de la colonia Ciudad Chapultepec",no,,SÍ — dato apócrifo de prueba
183,SIM_0183_escuela_biografia_oral_larga.txt,escuela,biografia_oral,larga,484,Herminio Figueroa Anaya,61,supervisor de zona escolar,amuzgo,"Xochistlahuaca, Guerrero","Cuernavaca, Morelos","Escuela Primaria ""Miguel Hidalgo"" de la colonia Ciudad Chapultepec",no,,SÍ — dato apócrifo de prueba
184,SIM_0184_escuela_testimonio_larga.txt,escuela,testimonio,larga,302,Andrés Franco Torres,67,padre de familia,mixteco,"San Juan Mixtepec, Oaxaca","Cuernavaca, Morelos","Escuela Primaria ""Miguel Hidalgo"" de la colonia Ciudad Chapultepec",no,Socorro,SÍ — dato apócrifo de prueba
185,SIM_0185_escuela_ficha_participante_larga.txt,escuela,ficha_participante,larga,303,Arnulfo López Tecpanécatl,55,conserje de la escuela,náhuatl,"Cuentepec, Morelos","Cuernavaca, Morelos","Escuela Primaria ""Miguel Hidalgo"" de la colonia Ciudad Chapultepec",no,,SÍ — dato apócrifo de prueba
186,SIM_0186_escuela_ficha_participante_media.txt,escuela,ficha_participante,media,191,Eusebio Martínez Yopihua,48,padre de familia,hñähñu (otomí),"Ixmiquilpan, Hidalgo","Cuernavaca, Morelos","Escuela Primaria ""Miguel Hidalgo"" de la colonia Ciudad Chapultepec",no,,SÍ — dato apócrifo de prueba
187,SIM_0187_escuela_biografia_oral_corta.txt,escuela,biografia_oral,corta,280,Leticia Villanueva Ocampo,20,maestra de primaria,náhuatl,"Hueyapan, Morelos","Cuernavaca, Morelos","Escuela Primaria ""Miguel Hidalgo"" de la colonia Ciudad Chapultepec",no,,SÍ — dato apócrifo de prueba
188,SIM_0188_escuela_biografia_oral_larga.txt,escuela,biografia_oral,larga,564,Citlali Lara Medina,20,directora,náhuatl,"Xoxocotla, Morelos","Cuernavaca, Morelos","Escuela Primaria ""Miguel Hidalgo"" de la colonia Ciudad Chapultepec",no,,SÍ — dato apócrifo de prueba
189,SIM_0189_escuela_diario_personal_media.txt,escuela,diario_personal,media,212,Citlali Villanueva Ocampo,38,conserje de la escuela,tsotsil,"Chenalhó, Chiapas","Cuernavaca, Morelos","Escuela Primaria ""Miguel Hidalgo"" de la colonia Ciudad Chapultepec",no,,SÍ — dato apócrifo de prueba
190,SIM_0190_escuela_testimonio_media.txt,escuela,testimonio,media,176,Amalia Ortiz de la Cruz,44,vendedora de la cooperativa escolar,tsotsil,"Chenalhó, Chiapas","Cuernavaca, Morelos","Escuela Primaria ""Miguel Hidalgo"" de la colonia Ciudad Chapultepec",no,,SÍ — dato apócrifo de prueba
191,SIM_0191_discapacidad_biografia_oral_media.txt,discapacidad,biografia_oral,media,377,Xóchitl Hernández Popoca,39,"persona sorda, tallerista de LSM",mixteco,"San Juan Mixtepec, Oaxaca",Ciudad de México,"PILARES ""Gabriel Vargas"" de Iztapalapa",no,,SÍ — dato apócrifo de prueba
192,SIM_0192_discapacidad_carta_presentacion_corta.docx,discapacidad,carta_presentacion,corta,172,Cuauhtémoc Reyes Tlacomulco,67,"persona ciega, instructora de braille",totonaco,"Papantla, Veracruz",Ciudad de México,"PILARES ""Gabriel Vargas"" de Iztapalapa",no,,SÍ — dato apócrifo de prueba
193,SIM_0193_discapacidad_biografia_oral_media.txt,discapacidad,biografia_oral,media,391,Elodia Ibarra Solís,49,madre de una persona sorda adulta,amuzgo,"Xochistlahuaca, Guerrero",Ciudad de México,"PILARES ""Carlos Monsiváis"" de la colonia Portales",sí,,SÍ — dato apócrifo de prueba
194,SIM_0194_discapacidad_ficha_participante_media.txt,discapacidad,ficha_participante,media,261,Jacinto Alarcón Bravo,60,activista con discapacidad motriz,mazateco,"Huautla de Jiménez, Oaxaca",Ciudad de México,"PILARES ""Carlos Monsiváis"" de la colonia Portales",sí,,SÍ — dato apócrifo de prueba
195,SIM_0195_discapacidad_biografia_oral_media.txt,discapacidad,biografia_oral,media,395,Rosalba Castañeda Ruiz,45,madre de una persona sorda adulta,tlapaneco (me'phaa),"Malinaltepec, Guerrero",Ciudad de México,"PILARES ""Carlos Monsiváis"" de la colonia Portales",no,,SÍ — dato apócrifo de prueba
196,SIM_0196_discapacidad_carta_presentacion_corta.txt,discapacidad,carta_presentacion,corta,247,Celerino Meza Cárdenas,40,"persona ciega, instructora de braille",totonaco,"Papantla, Veracruz",Ciudad de México,"PILARES ""Carlos Monsiváis"" de la colonia Portales",no,,SÍ — dato apócrifo de prueba
197,SIM_0197_discapacidad_ficha_participante_corta.txt,discapacidad,ficha_participante,corta,204,Catalina Domínguez Petlacalco,42,"persona sorda, tallerista de LSM",amuzgo,"Xochistlahuaca, Guerrero",Ciudad de México,"PILARES ""Carlos Monsiváis"" de la colonia Portales",no,,SÍ — dato apócrifo de prueba
198,SIM_0198_discapacidad_biografia_oral_larga.txt,discapacidad,biografia_oral,larga,369,Domingo Huerta Escamilla,67,intérprete de LSM,mixteco,"Potoichán, Guerrero",Ciudad de México,"PILARES ""Carlos Monsiváis"" de la colonia Portales",no,,SÍ — dato apócrifo de prueba
199,SIM_0199_discapacidad_carta_presentacion_larga.docx,discapacidad,carta_presentacion,larga,413,Bertha Lara Medina,76,tallerista de danza inclusiva,mixe,"Tlahuitoltepec, Oaxaca",Ciudad de México,"PILARES ""Gabriel Vargas"" de Iztapalapa",no,,SÍ — dato apócrifo de prueba
200,SIM_0200_discapacidad_ficha_participante_media.txt,discapacidad,ficha_participante,media,227,Andrés Bautista Flores,70,activista con discapacidad motriz,zapoteco,"Juchitán, Oaxaca",Ciudad de México,"PILARES ""Carlos Monsiváis"" de la colonia Portales",no,,SÍ — dato apócrifo de prueba
201,SIM_0201_discapacidad_testimonio_larga.txt,discapacidad,testimonio,larga,259,Angélica González Mentado,27,intérprete de LSM,hñähñu (otomí),"Ixmiquilpan, Hidalgo",Ciudad de México,"PILARES ""Gabriel Vargas"" de Iztapalapa",no,,SÍ — dato apócrifo de prueba
202,SIM_0202_discapacidad_diario_personal_corta.txt,discapacidad,diario_personal,corta,158,Isidro Ayala Benítez,69,"persona ciega, instructora de braille",mixteco,"San Juan Mixtepec, Oaxaca",Ciudad de México,"PILARES ""Carlos Monsiváis"" de la colonia Portales",no,,SÍ — dato apócrifo de prueba
203,SIM_0203_discapacidad_diario_personal_larga.txt,discapacidad,diario_personal,larga,307,Delfina Nava Rendón,69,mediadora educativa de PILARES,totonaco,"Papantla, Veracruz",Ciudad de México,"PILARES ""Gabriel Vargas"" de Iztapalapa",no,,SÍ — dato apócrifo de prueba
204,SIM_0204_discapacidad_testimonio_media.txt,discapacidad,testimonio,media,229,Camilo Martínez Yopihua,49,"usuario de silla de ruedas, promotor cultural",tlahuica,"San Juan Atzingo, Estado de México",Ciudad de México,"PILARES ""Carlos Monsiváis"" de la colonia Portales",no,,SÍ — dato apócrifo de prueba
205,SIM_0205_discapacidad_carta_presentacion_media.txt,discapacidad,carta_presentacion,media,266,Antonia Hernández Popoca,41,madre de una persona sorda adulta,zapoteco,"Juchitán, Oaxaca",Ciudad de México,"PILARES ""Carlos Monsiváis"" de la colonia Portales",no,,SÍ — dato apócrifo de prueba
206,SIM_0206_discapacidad_ficha_participante_media.txt,discapacidad,ficha_participante,media,183,Rocío del Carmen Cortés Amaro,67,intérprete de LSM,tsotsil,"Chenalhó, Chiapas",Ciudad de México,"PILARES ""Carlos Monsiváis"" de la colonia Portales",no,,SÍ — dato apócrifo de prueba
207,SIM_0207_discapacidad_carta_presentacion_media.txt,discapacidad,carta_presentacion,media,324,Sabino Pineda Cuenca,69,tallerista de danza inclusiva,tlahuica,"San Juan Atzingo, Estado de México",Ciudad de México,"PILARES ""Gabriel Vargas"" de Iztapalapa",no,,SÍ — dato apócrifo de prueba
208,SIM_0208_discapacidad_biografia_oral_media.txt,discapacidad,biografia_oral,media,419,Arnulfo Rosales Vega,41,tallerista de danza inclusiva,náhuatl,"Cuentepec, Morelos",Ciudad de México,"PILARES ""Gabriel Vargas"" de Iztapalapa",no,,SÍ — dato apócrifo de prueba
209,SIM_0209_discapacidad_carta_presentacion_larga.docx,discapacidad,carta_presentacion,larga,352,Elvira Hernández Popoca,49,tallerista de danza inclusiva,mazateco,"Huautla de Jiménez, Oaxaca",Ciudad de México,"PILARES ""Gabriel Vargas"" de Iztapalapa",no,,SÍ — dato apócrifo de prueba
210,SIM_0210_discapacidad_biografia_oral_media.txt,discapacidad,biografia_oral,media,347,Ismael Ramírez Xochihua,20,"persona sorda, tallerista de LSM",amuzgo,"Xochistlahuaca, Guerrero",Ciudad de México,"PILARES ""Carlos Monsiváis"" de la colonia Portales",no,Delfina,SÍ — dato apócrifo de prueba
211,SIM_0211_discapacidad_testimonio_corta.txt,discapacidad,testimonio,corta,120,Socorro Alarcón Bravo,67,activista con discapacidad motriz,totonaco,"Papantla, Veracruz",Ciudad de México,"PILARES ""Carlos Monsiváis"" de la colonia Portales",no,Amalia,SÍ — dato apócrifo de prueba
212,SIM_0212_discapacidad_biografia_oral_corta.txt,discapacidad,biografia_oral,corta,257,Yolanda Huerta Escamilla,80,"persona sorda, tallerista de LSM",mixe,"Tlahuitoltepec, Oaxaca",Ciudad de México,"PILARES ""Carlos Monsiváis"" de la colonia Portales",no,,SÍ — dato apócrifo de prueba
213,SIM_0213_discapacidad_testimonio_larga.txt,discapacidad,testimonio,larga,215,Xóchitl Estrada Reyna,43,intérprete de LSM,tlapaneco (me'phaa),"Malinaltepec, Guerrero",Ciudad de México,"PILARES ""Carlos Monsiváis"" de la colonia Portales",no,,SÍ — dato apócrifo de prueba
214,SIM_0214_discapacidad_biografia_oral_corta.txt,discapacidad,biografia_oral,corta,293,Cristina Téllez Aranda,69,intérprete de LSM,amuzgo,"Xochistlahuaca, Guerrero",Ciudad de México,"PILARES ""Carlos Monsiváis"" de la colonia Portales",no,,SÍ — dato apócrifo de prueba
215,SIM_0215_discapacidad_carta_presentacion_media.docx,discapacidad,carta_presentacion,media,305,Bonifacio Noriega Palma,49,tallerista de danza inclusiva,hñähñu (otomí),"Ixmiquilpan, Hidalgo",Ciudad de México,"PILARES ""Gabriel Vargas"" de Iztapalapa",no,,SÍ — dato apócrifo de prueba
216,SIM_0216_discapacidad_diario_personal_corta.txt,discapacidad,diario_personal,corta,94,Guadalupe Cuevas Morales,51,activista con discapacidad motriz,tlapaneco (me'phaa),"Malinaltepec, Guerrero",Ciudad de México,"PILARES ""Carlos Monsiváis"" de la colonia Portales",no,,SÍ — dato apócrifo de prueba
217,SIM_0217_discapacidad_testimonio_corta.txt,discapacidad,testimonio,corta,122,Zenaida Uribe Camacho,54,"persona ciega, instructora de braille",mixteco,"San Juan Mixtepec, Oaxaca",Ciudad de México,"PILARES ""Carlos Monsiváis"" de la colonia Portales",no,Gregorio,SÍ — dato apócrifo de prueba
218,SIM_0218_discapacidad_ficha_participante_media.txt,discapacidad,ficha_participante,media,195,Gabriela Domínguez Petlacalco,25,activista con discapacidad motriz,totonaco,"Papantla, Veracruz",Ciudad de México,"PILARES ""Carlos Monsiváis"" de la colonia Portales",no,,SÍ — dato apócrifo de prueba
219,SIM_0219_discapacidad_testimonio_media.txt,discapacidad,testimonio,media,204,Enedina Peralta Guzmán,53,"persona sorda, tallerista de LSM",totonaco,"Papantla, Veracruz",Ciudad de México,"PILARES ""Carlos Monsiváis"" de la colonia Portales",no,,SÍ — dato apócrifo de prueba
220,SIM_0220_discapacidad_ficha_participante_media.txt,discapacidad,ficha_participante,media,293,Raymundo Quintero Alba,77,"persona sorda, tallerista de LSM",tsotsil,"Chenalhó, Chiapas",Ciudad de México,"PILARES ""Carlos Monsiváis"" de la colonia Portales",sí,Amalia,SÍ — dato apócrifo de prueba
221,SIM_0221_discapacidad_testimonio_media.txt,discapacidad,testimonio,media,173,Delfina Alarcón Bravo,58,"persona con discapacidad psicosocial, colaboradora de colectivo",náhuatl,"Cuentepec, Morelos",Ciudad de México,"PILARES ""Carlos Monsiváis"" de la colonia Portales",no,,SÍ — dato apócrifo de prueba
222,SIM_0222_discapacidad_biografia_oral_corta.txt,discapacidad,biografia_oral,corta,240,Froylán Huerta Escamilla,76,activista con discapacidad motriz,mixe,"Tlahuitoltepec, Oaxaca",Ciudad de México,"PILARES ""Gabriel Vargas"" de Iztapalapa",no,,SÍ — dato apócrifo de prueba
223,SIM_0223_discapacidad_biografia_oral_corta.txt,discapacidad,biografia_oral,corta,260,Itzel Martínez Yopihua,20,"persona sorda, tallerista de LSM",totonaco,"Papantla, Veracruz",Ciudad de México,"PILARES ""Gabriel Vargas"" de Iztapalapa",no,,SÍ — dato apócrifo de prueba
224,SIM_0224_discapacidad_carta_presentacion_larga.txt,discapacidad,carta_presentacion,larga,313,Gregorio Cuevas Morales,32,"usuario de silla de ruedas, promotor cultural",mixe,"Tlahuitoltepec, Oaxaca",Ciudad de México,"PILARES ""Gabriel Vargas"" de Iztapalapa",sí,,SÍ — dato apócrifo de prueba
225,SIM_0225_discapacidad_testimonio_media.txt,discapacidad,testimonio,media,158,Beatriz Tapia Onofre,37,activista con discapacidad motriz,tlahuica,"San Juan Atzingo, Estado de México",Ciudad de México,"PILARES ""Carlos Monsiváis"" de la colonia Portales",no,,SÍ — dato apócrifo de prueba
226,SIM_0226_discapacidad_testimonio_corta.txt,discapacidad,testimonio,corta,217,Patricia Luna Carrasco,36,funcionaria de área de diversidad funcional,náhuatl,"Xoxocotla, Morelos",Ciudad de México,"PILARES ""Gabriel Vargas"" de Iztapalapa",sí,,SÍ — dato apócrifo de prueba
227,SIM_0227_discapacidad_ficha_participante_larga.docx,discapacidad,ficha_participante,larga,272,Elodia Santiago Cruz,82,"persona sorda, tallerista de LSM",náhuatl,"Xoxocotla, Morelos",Ciudad de México,"PILARES ""Gabriel Vargas"" de Iztapalapa",no,,SÍ — dato apócrifo de prueba
228,SIM_0228_discapacidad_testimonio_corta.txt,discapacidad,testimonio,corta,85,Guadalupe Meza Cárdenas,62,tallerista de danza inclusiva,náhuatl,"Xoxocotla, Morelos",Ciudad de México,"PILARES ""Carlos Monsiváis"" de la colonia Portales",no,,SÍ — dato apócrifo de prueba
229,SIM_0229_discapacidad_testimonio_media.txt,discapacidad,testimonio,media,227,Faustino Valdés Colín,50,tallerista de danza inclusiva,náhuatl,"Hueyapan, Morelos",Ciudad de México,"PILARES ""Carlos Monsiváis"" de la colonia Portales",no,,SÍ — dato apócrifo de prueba
230,SIM_0230_discapacidad_testimonio_larga.txt,discapacidad,testimonio,larga,304,Herminia Nava Rendón,41,"persona ciega, instructora de braille",tlahuica,"San Juan Atzingo, Estado de México",Ciudad de México,"PILARES ""Carlos Monsiváis"" de la colonia Portales",no,,SÍ — dato apócrifo de prueba
231,SIM_0231_discapacidad_biografia_oral_media.txt,discapacidad,biografia_oral,media,356,Herminia Luna Carrasco,53,madre de una persona sorda adulta,mixteco,"San Juan Mixtepec, Oaxaca",Ciudad de México,"PILARES ""Gabriel Vargas"" de Iztapalapa",no,,SÍ — dato apócrifo de prueba
232,SIM_0232_discapacidad_biografia_oral_larga.txt,discapacidad,biografia_oral,larga,340,Nicolás Peralta Guzmán,21,intérprete de LSM,tlahuica,"San Juan Atzingo, Estado de México",Ciudad de México,"PILARES ""Carlos Monsiváis"" de la colonia Portales",no,,SÍ — dato apócrifo de prueba
233,SIM_0233_discapacidad_testimonio_larga.txt,discapacidad,testimonio,larga,213,Sabino Uribe Camacho,80,"persona sorda, tallerista de LSM",amuzgo,"Xochistlahuaca, Guerrero",Ciudad de México,"PILARES ""Carlos Monsiváis"" de la colonia Portales",no,,SÍ — dato apócrifo de prueba
234,SIM_0234_discapacidad_biografia_oral_media.txt,discapacidad,biografia_oral,media,350,Silvestre Delgado Ríos,67,tallerista de danza inclusiva,náhuatl,"Hueyapan, Morelos",Ciudad de México,"PILARES ""Carlos Monsiváis"" de la colonia Portales",no,,SÍ — dato apócrifo de prueba
235,SIM_0235_discapacidad_testimonio_media.txt,discapacidad,testimonio,media,238,Elodia Rosales Vega,76,madre de una persona sorda adulta,mazateco,"Huautla de Jiménez, Oaxaca",Ciudad de México,"PILARES ""Carlos Monsiváis"" de la colonia Portales",no,,SÍ — dato apócrifo de prueba
236,SIM_0236_discapacidad_biografia_oral_media.txt,discapacidad,biografia_oral,media,378,Jacinto Rosales Vega,36,activista con discapacidad motriz,tsotsil,"Chenalhó, Chiapas",Ciudad de México,"PILARES ""Carlos Monsiváis"" de la colonia Portales",no,Catalina,SÍ — dato apócrifo de prueba
237,SIM_0237_discapacidad_testimonio_corta.txt,discapacidad,testimonio,corta,185,Melitón Quintero Alba,27,"usuario de silla de ruedas, promotor cultural",mixteco,"Potoichán, Guerrero",Ciudad de México,"PILARES ""Carlos Monsiváis"" de la colonia Portales",no,,SÍ — dato apócrifo de prueba
238,SIM_0238_discapacidad_ficha_participante_media.docx,discapacidad,ficha_participante,media,185,Sandra Sedano Trujillo,52,"persona ciega, instructora de braille",mixe,"Tlahuitoltepec, Oaxaca",Ciudad de México,"PILARES ""Carlos Monsiváis"" de la colonia Portales",no,,SÍ — dato apócrifo de prueba
239,SIM_0239_discapacidad_biografia_oral_corta.txt,discapacidad,biografia_oral,corta,255,Maximino Hernández Popoca,59,tallerista de danza inclusiva,tsotsil,"Chenalhó, Chiapas",Ciudad de México,"PILARES ""Carlos Monsiváis"" de la colonia Portales",no,,SÍ — dato apócrifo de prueba
240,SIM_0240_discapacidad_carta_presentacion_media.docx,discapacidad,carta_presentacion,media,276,Andrés Quintero Alba,24,intérprete de LSM,náhuatl,"Xoxocotla, Morelos",Ciudad de México,"PILARES ""Carlos Monsiváis"" de la colonia Portales",no,,SÍ — dato apócrifo de prueba
241,SIM_0241_discapacidad_carta_presentacion_media.docx,discapacidad,carta_presentacion,media,333,Aurelio Espinosa Zamudio,69,"persona ciega, instructora de braille",mixteco,"San Juan Mixtepec, Oaxaca",Ciudad de México,"PILARES ""Gabriel Vargas"" de Iztapalapa",no,,SÍ — dato apócrifo de prueba
242,SIM_0242_discapacidad_testimonio_media.txt,discapacidad,testimonio,media,187,Tonatiuh Ibarra Solís,79,"persona sorda, tallerista de LSM",mixteco,"San Juan Mixtepec, Oaxaca",Ciudad de México,"PILARES ""Gabriel Vargas"" de Iztapalapa",no,,SÍ — dato apócrifo de prueba
243,SIM_0243_discapacidad_biografia_oral_media.txt,discapacidad,biografia_oral,media,367,Gabriela Noriega Palma,49,funcionaria de área de diversidad funcional,náhuatl,"Xoxocotla, Morelos",Ciudad de México,"PILARES ""Gabriel Vargas"" de Iztapalapa",no,,SÍ — dato apócrifo de prueba
244,SIM_0244_discapacidad_carta_presentacion_media.txt,discapacidad,carta_presentacion,media,293,Gregorio Cortés Amaro,66,activista con discapacidad motriz,totonaco,"Papantla, Veracruz",Ciudad de México,"PILARES ""Carlos Monsiváis"" de la colonia Portales",no,,SÍ — dato apócrifo de prueba
245,SIM_0245_discapacidad_testimonio_corta.txt,discapacidad,testimonio,corta,139,Socorro Nava Rendón,48,funcionaria de área de diversidad funcional,tsotsil,"Chenalhó, Chiapas",Ciudad de México,"PILARES ""Gabriel Vargas"" de Iztapalapa",no,,SÍ — dato apócrifo de prueba
246,SIM_0246_discapacidad_ficha_participante_media.txt,discapacidad,ficha_participante,media,234,Citlali Olvera Ponce,80,"persona ciega, instructora de braille",mazateco,"Huautla de Jiménez, Oaxaca",Ciudad de México,"PILARES ""Gabriel Vargas"" de Iztapalapa",no,,SÍ — dato apócrifo de prueba
247,SIM_0247_discapacidad_testimonio_media.txt,discapacidad,testimonio,media,240,Camilo Olvera Ponce,34,"persona sorda, tallerista de LSM",mazateco,"Huautla de Jiménez, Oaxaca",Ciudad de México,"PILARES ""Carlos Monsiváis"" de la colonia Portales",no,Sabino,SÍ — dato apócrifo de prueba
248,SIM_0248_discapacidad_biografia_oral_larga.txt,discapacidad,biografia_oral,larga,427,Enedina Meza Cárdenas,52,funcionaria de área de diversidad funcional,tlapaneco (me'phaa),"Malinaltepec, Guerrero",Ciudad de México,"PILARES ""Gabriel Vargas"" de Iztapalapa",no,,SÍ — dato apócrifo de prueba
249,SIM_0249_discapacidad_biografia_oral_larga.txt,discapacidad,biografia_oral,larga,408,Amalia Noriega Palma,53,intérprete de LSM,tlahuica,"San Juan Atzingo, Estado de México",Ciudad de México,"PILARES ""Carlos Monsiváis"" de la colonia Portales",no,,SÍ — dato apócrifo de prueba
250,SIM_0250_discapacidad_testimonio_corta.txt,discapacidad,testimonio,corta,137,Tomás Huerta Escamilla,35,"persona ciega, instructora de braille",mixe,"Tlahuitoltepec, Oaxaca",Ciudad de México,"PILARES ""Carlos Monsiváis"" de la colonia Portales",no,,SÍ — dato apócrifo de prueba
